{"cameraMode":{"drawMode":0,"name":"Shaded","section":"Shading Mode"},"sceneLighting":true,"audioPlay":false,"sceneViewState":{"m_AlwaysRefresh":false,"showFog":true,"showSkybox":true,"showFlares":true,"showImageEffects":true,"showParticleSystems":true,"showVisualEffectGraphs":true,"m_FxEnabled":true},"in2DMode":false,"pivot":{"x":5.001206874847412,"y":-2.631875991821289,"z":-2.000082015991211},"rotation":{"x":0.0009442305890843272,"y":0.9581283926963806,"z":-0.28633326292037966,"w":0.003158002160489559},"size":10.281905174255371,"orthographic":true}